<?xml version="1.0" encoding="UTF-8"?>
<project-private xmlns="http://www.netbeans.org/ns/project-private/1">
    <editor-bookmarks xmlns="http://www.netbeans.org/ns/editor-bookmarks/2" lastBookmarkId="0"/>
    <open-files xmlns="http://www.netbeans.org/ns/projectui-open-files/2">
        <group>
            <file>file:/C:/Users/WINDOWS%2011/OneDrive/Documents/NetBeansProjects/PengingatObat/src/PengingatObat/main.java</file>
            <file>file:/C:/Users/WINDOWS%2011/OneDrive/Documents/NetBeansProjects/PengingatObat/src/PengingatObat/Obat.java</file>
        </group>
        <group name="Group 20250315-01:09:49">
            <file>file:/C:/Users/WINDOWS%2011/OneDrive/Documents/NetBeansProjects/PengingatObat/src/PengingatObat/main.java</file>
            <file>file:/C:/Users/WINDOWS%2011/OneDrive/Documents/NetBeansProjects/PengingatObat/src/PengingatObat/Obat.java</file>
        </group>
    </open-files>
</project-private>
